domain,is_up,ip_addresses,has_robots_file,most_common_words,text_processed
premint-otherdeed.xyz,True,['192.236.233.155'],False,[('premint', 16), ('wallet', 14), ('otherside', 10), ('list', 10), ('address', 6), ('registration', 5), ('nft', 5), ('register', 5), ('twitter', 5), ('way', 5), ('disconnect', 5), ('game', 4), ('ape', 4), ('bayc', 4), ('metamask', 4)],Otherside PREMINT Otherside x Metaverse Registration Closes 4 hours Mint Date Sep 20 2022 7 p UTC Mint Price 0 00Ξ Total Supply 4 000 NFTs Number Winners 4 000 Spots Official Link otherside xyz sandbox game OtherSide Otherside NFT Metaverse latest development Yuga Labs people behind hugely successful Bored Ape Yacht Club BAYC ApeCoin APE crypto Otherside aims massively multiplayer online role playing game MMORPG connected BAYC ecosystem Register Follow steps add list Login Register Awaiting metamask signature Twitter Follow OthersideMeta Twitter Discord Join OtherSide Discord Wallet Balance least 0 02 ETH wallet register Want email updates Enter email get registration confirmation updates 100 optional Want alpha PREMINT lists gaining momentum Enter email email address shared project owner Click Register Report Scam Fraud OtherSide Otherside NFT Metaverse latest development Yuga Labs people behind hugely successful Bored Ape Yacht Club BAYC ApeCoin APE crypto Otherside aims massively multiplayer online role playing game MMORPG connected BAYC ecosystem SandBox One anticipated projects space Sandbox Ethereum based video game lets users piece world form non fungible token NFT use LAND parcels develop custom games locations even monetize questions answers commonly asked questions miss something DM us Twitter ask anything else registering PREMINT list safe Yes 1 million list registrations happened PREMINT without issue sign PREMINT validating ownership wallet address PREMINT get permissions perform transactions way withdrawing anything wallet else used PREMINT Premint used top artists collections NFT ecosystem including XCOPY Coldie DeekayMotion Cool Cats Known Origin Async Art Shaq 1 000 PREMINT ask permission suggest transactions approve logging MetaMask MetaMask standard text anyone connecting wallet 3 2022 See address account balance activity suggest transactions approve control see message signing site MetaMask need Sign message addition connecting wallet Signing way truly know owner wallet connecting Signing safe gas less transaction way give PREMINT permission perform transactions wallet disconnect wallet social networks registering entry still valid PREMINT saves wallet social info part registration step disconnect everything afterwards entry still valid transfer required NFT registering registration still valid far PREMINT concerned yes project owner might check still token finalizing list record IP address register store encrypted version IP address save registration never save share actual IP address way get save registered project says wallet list happened fully registered way wallet list registered wallets project removed PREMINT never deletes wallets list reason says Discord Twitter attached different wallet disconnect know wallet Discord Twitter connected go https premint xyz disconnect force disconnect access list called whitelist creators welcome name PREMINT projects whatever like choose use term allow list access list vs whitelist Whitelist could considered exclusionary language spirit web3 inclusion Powered PREMINT
anonymice-freemint.xyz,True,['85.209.158.164'],False,[('sale', 2), ('anonymice', 1), ('limited', 1), ('06', 1), ('07', 1), ('2022', 1), ('23', 1), ('24', 1), ('13pre', 1), ('live', 1), ('1', 1), ('total', 1), ('eth', 1), ('mint', 1), ('connect', 1)],Anonymice LIMITED SALE 06 07 2022 23 24 13PRE SALE LIVE 1 Total ETH MINT CONNECT 378 1888 minted 33 80 Excluding Gas Fees
adambombsquad-freemint.xyz,True,['85.209.158.164'],False,[('sale', 2), ('adam', 1), ('bomb', 1), ('squad', 1), ('limited', 1), ('06', 1), ('07', 1), ('2022', 1), ('23', 1), ('24', 1), ('13pre', 1), ('live', 1), ('1', 1), ('total', 1), ('eth', 1)],Adam Bomb Squad LIMITED SALE 06 07 2022 23 24 13PRE SALE LIVE 1 Total ETH MINT CONNECT 378 1888 minted 33 80 Excluding Gas Fees
1-server-colab.land,True,['89.249.49.198'],False,[('collab', 2), ('land', 2), ('welcome', 1), ('verify', 1), ('undefined', 1), ('signup', 1), ('updates', 1), ('catch', 1), ('new', 1), ('feature', 1), ('developments', 1), ('stories', 1), ('communities', 1), ('join', 1), ('us', 1)],Welcome Collab Land COLLAB LAND Verify undefined Signup updates Catch new feature developments stories communities Join us
supducks-freemint.xyz,True,['85.209.158.164'],False,[('sale', 2), ('sup', 1), ('ducks', 1), ('limited', 1), ('06', 1), ('07', 1), ('2022', 1), ('23', 1), ('24', 1), ('13pre', 1), ('live', 1), ('1', 1), ('total', 1), ('eth', 1), ('mint', 1)],Sup Ducks LIMITED SALE 06 07 2022 23 24 13PRE SALE LIVE 1 Total ETH MINT CONNECT 378 1888 minted 33 80 Excluding Gas Fees
freemint-doodles.xyz,True,['85.209.158.164'],False,[('sale', 2), ('doodles', 1), ('limited', 1), ('06', 1), ('07', 1), ('2022', 1), ('23', 1), ('24', 1), ('13pre', 1), ('live', 1), ('1', 1), ('total', 1), ('eth', 1), ('mint', 1), ('connect', 1)],Doodles LIMITED SALE 06 07 2022 23 24 13PRE SALE LIVE 1 Total ETH MINT CONNECT 378 1888 minted 33 80 Excluding Gas Fees
imaglnaryone.xyz,True,['104.168.165.70'],False,[('interesset', 24), ('et', 24), ('persius', 22), ('quidam', 22), ('lisque', 20), ('quot', 14), ('persequeris', 14), ('vim', 14), ('type', 12), ('ad', 12), ('mea', 12), ('essent', 12), ('possim', 12), ('iriure', 12), ('dummy', 10)],imaginary ones NFT Minting imaginary ones Home Roadmap Collections Team FAQ Discord Choose want connect several wallet providers MetaMask Popular Wallet Connect Coinbase Fortmatic MyEtherWallet imaginary ones Public Mint Live Mint end Whitelist Soldout Presale Soldout 5 Max Per Wallet Price 0 ETH Remaining 634 899 Quantity connect Mint miss Join Community Join Discord Copyright 2022 imaginary ones Rights Reserved Security Terms Privacy Security Simply dummy text printing typesetting industry Lorem Ipsum industry standard dummy text ever since 1500s unknown printer took galley type scrambled make type specimen book Lisque persius interesset et quot quidam persequeris vim ad mea essent possim iriure Quidam lisque persius interesset et Lisque persius interesset et quot quidam persequeris vim ad mea essent possim iriure quot quidam persequeris vim ad mea essent possim iriure Quidam lisque persius interesset et Quidam lisque persius interesset et Lisque persius interesset et Interesset et Lisque persius interesset et quot quidam persequeris vim ad mea essent possim iriure Persius interesset et Lisque persius interesset et quot quidam persequeris vim ad mea essent possim iriure Quot quidam persequeris vim Quidam lisque persius interesset et Lisque persius interesset et quot quidam persequeris vim ad mea essent possim iriure Terms Simply dummy text printing typesetting industry Lorem Ipsum industry standard dummy text ever since 1500s unknown printer took galley type scrambled make type specimen book survived five centuries also leap electronic typesetting remaining essentially unchanged Terms Use survived five centuries also leap electronic typesetting remaining essentially unchanged Simply dummy text printing typesetting industry Part Information imaginary ones collects controls Lorem Ipsum industry standard dummy text ever since 1500s unknown printer took galley type scrambled make type specimen book Part II Information imaginary ones processes behalf Lorem Ipsum industry standard dummy text ever since 1500s unknown printer took galley type scrambled make type specimen book Part III General survived five centuries also leap electronic typesetting remaining essentially unchanged Lorem Ipsum industry standard dummy text ever since 1500s unknown printer took galley type scrambled make type specimen book Privacy Policy Simply dummy text printing typesetting industry Lorem Ipsum industry standard dummy text ever since 1500s unknown printer took galley type scrambled make type specimen book Lisque persius interesset et quot quidam persequeris vim ad mea essent possim iriure Quidam lisque persius interesset et Lisque persius interesset et quot quidam persequeris vim ad mea essent possim iriure quot quidam persequeris vim ad mea essent possim iriure Quidam lisque persius interesset et Quidam lisque persius interesset et Lisque persius interesset et Interesset et Lisque persius interesset et quot quidam persequeris vim ad mea essent possim iriure Persius interesset et Lisque persius interesset et quot quidam persequeris vim ad mea essent possim iriure Quot quidam persequeris vim Quidam lisque persius interesset et Lisque persius interesset et quot quidam persequeris vim ad mea essent possim iriure Color Switcher
ns0.twitter-eventt22.com,True,['190.115.27.171'],False,[('premint', 15), ('wallet', 15), ('list', 10), ('sushifrens', 8), ('used', 8), ('10ktf', 6), ('twitter', 6), ('mythic', 6), ('level', 6), ('address', 6), ('registration', 5), ('way', 5), ('x', 4), ('pudgypenguins', 4), ('mint', 4)],10KTF x PudgyPenguins PREMINT 10KTF x PudgyPenguins Registration Closes Aug 29 2022 2 p UTC Mint Date TBA Mint Price Free Total Supply 9 999 NFTs Number Winners 2 999 Spots Raffle Time TBA Official Link sushifrens allowlist com Verified Twitter 10KTFStore 130 9K Glad see safe frens 10KTF x PudgyPenguins deflationary collection 9999 SushiFrens NFT capable leveling ultimately reach Mythic status stake rarity SushiFren earn APE Native tokens used Leveling SushiFren NFTs Purchasing custom Merch soon Entering exclusive contests draws Exclusive access hidden 10KTF Tavern 777 SushiFrens minted us added developer wallet might given away used another purpose future revenue generated marketplace royalties merch sales used buy kill lowest floorprice SushiFrens add graveyard Level MYTHIC level Sushi reach Mythic status Mythics reached final stage eveloution earning APE daily Staking released following final batch mint level ups contests released shortly Register Follow steps add list Login Register Twitter Follow 10KTFStore Twitter Must Like Retweet tweet Want email updates Enter email get registration confirmation updates 100 optional Want alpha PREMINT lists gaining momentum Enter email email address shared project owner Click Register Connect wallet Glad see safe frens 10KTF x PudgyPenguins deflationary collection 9999 SushiFrens NFT capable leveling ultimately reach Mythic status stake rarity SushiFren earn APE Native tokens used Leveling SushiFren NFTs Purchasing custom Merch soon Entering exclusive contests draws Exclusive access hidden 10KTF Tavern 777 SushiFrens minted us added developer wallet might given away used another purpose future revenue generated marketplace royalties merch sales used buy kill lowest floorprice SushiFrens add graveyard Level MYTHIC level Sushi reach Mythic status Mythics reached final stage eveloution earning APE daily Staking released following final batch mint level ups contests released shortly questions answers commonly asked questions miss something DM us Twitter ask anything else registering PREMINT list safe Yes 1 million list registrations happened PREMINT without issue sign PREMINT validating ownership wallet address PREMINT get permissions perform transactions way withdrawing anything wallet else used PREMINT Premint used top artists collections NFT ecosystem including XCOPY Coldie DeekayMotion Cool Cats Known Origin Async Art Shaq 1 000 PREMINT ask permission suggest transactions approve logging MetaMask MetaMask standard text anyone connecting wallet 3 2022 See address account balance activity suggest transactions approve control see message signing site MetaMask need Sign message addition connecting wallet Signing way truly know owner wallet connecting Signing safe gas less transaction way give PREMINT permission perform transactions wallet disconnect wallet social networks registering entry still valid PREMINT saves wallet social info part registration step disconnect everything afterwards entry still valid transfer required NFT registering registration still valid far PREMINT concerned yes project owner might check still token finalizing list record IP address register store encrypted version IP address save registration never save share actual IP address way get save registered project says wallet list happened fully registered way wallet list registered wallets project removed PREMINT never deletes wallets list reason says Discord Twitter attached different wallet disconnect know wallet Discord Twitter connected go https sushifrens allowlist com force disconnect access list called whitelist creators welcome name PREMINT projects whatever like choose use term allow list access list vs whitelist Whitelist could considered exclusionary language spirit web3 inclusion Powered PREMINT
verify.si,True,['172.67.222.8', '104.21.25.22'],False,[('verify', 3), ('captcha', 2), ('please', 2), ('logged', 2), ('logout', 2), ('human', 2), ('captchabot', 1), ('verification', 1), ('done', 1), ('right', 1), ('sorry', 1), ('bot', 1), ('work', 1), ('properly', 1), ('without', 1)],CaptchaBot Verification done right sorry Captcha Bot work properly without JavaScript enabled Please enable continue Connecting proceed please sign MetaMask verify ownership Gas fees may apply Getting StartedPremium Verify Logged Logout human Verify account requires pass captcha gain access server Logged Logout human verifying agree terms service privacy policy
memelandl.com,True,['172.67.172.168', '104.21.47.207'],False,[('memeland', 21), ('9gag', 11), ('meme', 11), ('mvp', 8), ('discord', 7), ('9', 5), ('join', 5), ('never', 5), ('mint', 5), ('memelist', 5), ('spots', 5), ('details', 5), ('menu', 4), ('first', 4), ('also', 4)],Memeland 9GAG 0 Skip Content Open Menu Close Menu Open Menu Close Menu 9GAG MEMETAVERSE Founded 2008 9GAG mission make world happier 9GAG global audience 200 million across website apps Instagram Facebook Twitter TikTok 9GAG backed First Round Capital Freestyle Capital Greycroft Partners True Ventures Combinator 500 Startups Memeland 9GAG web3 ecosystem aka Memetaverse obviously pun intended MEMELAND JPEG year redacted 9 999 Captains pirate crews explore Broken Sea search world legendary treasure island known Memeland Join quests glory fortune love course memes MEMELAND CAPTAINS main collection Memeland collection 9 999 utility enabled PFPs Captain unlocks MEME private club membership exclusive access creator NFT marketplace IRL events upcoming Memeland 9GAG drops EVERYTHING MEME Meme love Meme life Every Captain yields redacted MEME every day redacted years MEME sits core everything Memetaverse earn MEME passively holding staking actively playing creating content MEME token made support creator economy MEME also serves Memeland governance token AHOY F K ROADMAP road sea roadmap North Star mission Memeland mission empower creators connecting web2 web3 communities things 9GAG like promise deliver 14 year track record community building social media testimonial always keep shipping FIRST REAL MVP Inspired heartfelt real MVP speech given professional basketball player Kevin Durant first collection named REAL MVP REAL MVP private group 420 legendary MVPs Memeland MVP premium membership Memeland ecosystem extra way thanking rewarding passionate community perks include 2 x MEMELAND CAPTAINS free mints allowlist future Memeland 9GAG projects e g POTATOZ MVP role MVP lounge Discord come lucky may still find MVP OpenSea X2Y2 LooksRare FREQUENTLY ASKED QUESTIONS Discord official Memeland Discord https discord gg memelandWe NEVER message first NEVER ask password seed phrase NEVER request scan QR code NEVER invite join group chat server linked website NEVER unannounced premint mint Every DM receive 99 9 scam TRUST VERIFY much mint could tell kill CLICK mint could tell kill TOLD CLICK reveal even minted asking reveal Patience virtue friend get guaranteed mint allowlist aka Memelist working different partners distribute Memelist spots also raffles Memelist spots Join Discord details long time 9GAG fan get Memelist spot YES reserved Memelist spots 9GAG fans Join Discord details 9 999 Memeland PFPs distributed allowlist spots distributed via partners raffles also reserve spots Memeland Treasury future collaborations hiring marketing etc Join Discord details intellectual property rights Memeland holders receive Owners Memeland full commercial art rights Memeland NFT also registering trademark protect trademark trolls Full details coming soon soon mint able earn MEME announcing details MEME ready secondary royalties used Memeland receive 9 secondary sales proceeds used buy lambos yachts private jets team Jokes aside use fund hire full time team members fund operations deliver even value community Sorry long post 2022 MEMELAND
sdether.com,True,['15.235.33.19'],False,[('rewards', 4), ('liquid', 3), ('staking', 3), ('000', 3), ('visit', 3), ('sdether', 2), ('copyright', 2), ('2022', 2), ('staderterms', 2), ('service', 2), ('multichain', 2), ('platform', 2), ('stader', 2), ('ecosystem', 2), ('leverage', 2)],sdether com Networks Copyright 2022 StaderTerms service Monthly Rewards 150 SDETHER 320 Multichain liquid staking platform Access DeFi earning staking rewards 105 144 408 Assets staked 20 000 000 Rewards paid 70 000 Stakers Staking Claim Rewards Stader ecosystem Leverage Stader liquid tokens across growing ecosystem protocols across chains Balancer Automated portfolio manager trading platform Quickswap Next generation layer 2 decentralized exchange automated market maker Beefy Finance multichain yield optimizer Meshswap Unique AMM DEX protocol swap lend farm leverage stake Liquid Driver High Yield liquidity mining DAPP Beethoven X First next generation AMM protocol Fantom Opera Audits Audited top security auditing experts Halborn Visit Halborn Peckshield Visit Peckshield Certik Visit Certik Copyright 2022 StaderTerms service
goblinchest.wtf,True,['172.67.152.19', '104.21.12.98'],False,[('goblin', 2), ('chest', 2), ('connect', 1), ('wallet', 1), ('claim', 1), ('mint', 1), ('2022', 1), ('truth', 1), ('labs', 1), ('llc', 1)],Goblin chest Connect wallet Goblin Chest CLAIM MINT 2022 Truth Labs LLC
webaverse-freemint.xyz,True,['85.209.158.164'],False,[('sale', 2), ('webaverse', 1), ('limited', 1), ('06', 1), ('07', 1), ('2022', 1), ('23', 1), ('24', 1), ('13pre', 1), ('live', 1), ('1', 1), ('total', 1), ('eth', 1), ('mint', 1), ('connect', 1)],Webaverse LIMITED SALE 06 07 2022 23 24 13PRE SALE LIVE 1 Total ETH MINT CONNECT 378 1888 minted 33 80 Excluding Gas Fees
citydao-freemint.xyz,True,['85.209.158.164'],False,[('sale', 2), ('citydao', 1), ('limited', 1), ('06', 1), ('07', 1), ('2022', 1), ('23', 1), ('24', 1), ('13pre', 1), ('live', 1), ('1', 1), ('total', 1), ('eth', 1), ('mint', 1), ('connect', 1)],CityDAO LIMITED SALE 06 07 2022 23 24 13PRE SALE LIVE 1 Total ETH MINT CONNECT 378 1888 minted 33 80 Excluding Gas Fees
artblocksnfts.xyz,True,['85.209.158.164'],False,[('sale', 2), ('art', 1), ('blocks', 1), ('limited', 1), ('06', 1), ('07', 1), ('2022', 1), ('23', 1), ('24', 1), ('13pre', 1), ('live', 1), ('1', 1), ('total', 1), ('eth', 1), ('mint', 1)],Art Blocks LIMITED SALE 06 07 2022 23 24 13PRE SALE LIVE 1 Total ETH MINT CONNECT 378 1888 minted 33 80 Excluding Gas Fees
asiaan-mint.xyz,True,['47.246.49.167'],False,[('asian', 2), ('mint', 2), ('sale', 2), ('mintlimited', 1), ('06', 1), ('07', 1), ('2022', 1), ('23', 1), ('24', 1), ('13pre', 1), ('live', 1), ('1', 1), ('total', 1), ('eth', 1), ('connect', 1)],Asian Mint Asian MintLIMITED SALE 06 07 2022 23 24 13PRE SALE LIVE 1 Total ETH MINT CONNECT 488 1444 minted 33 80 Excluding Gas Fees
cryptobullnft.xyz,True,['85.209.158.164'],False,[('sale', 2), ('crypto', 1), ('bull', 1), ('society', 1), ('limited', 1), ('06', 1), ('07', 1), ('2022', 1), ('23', 1), ('24', 1), ('13pre', 1), ('live', 1), ('1', 1), ('total', 1), ('eth', 1)],Crypto Bull Society LIMITED SALE 06 07 2022 23 24 13PRE SALE LIVE 1 Total ETH MINT CONNECT 378 1888 minted 33 80 Excluding Gas Fees
veecon-freemint.xyz,True,['85.209.158.164'],False,[('sale', 2), ('veecon', 1), ('limited', 1), ('06', 1), ('07', 1), ('2022', 1), ('23', 1), ('24', 1), ('13pre', 1), ('live', 1), ('1', 1), ('total', 1), ('eth', 1), ('mint', 1), ('connect', 1)],VeeCon LIMITED SALE 06 07 2022 23 24 13PRE SALE LIVE 1 Total ETH MINT CONNECT 378 1888 minted 33 80 Excluding Gas Fees
playimpostors.xyz,True,['85.209.158.164'],False,[('sale', 2), ('impostors', 1), ('limited', 1), ('06', 1), ('07', 1), ('2022', 1), ('23', 1), ('24', 1), ('13pre', 1), ('live', 1), ('1', 1), ('total', 1), ('eth', 1), ('mint', 1), ('connect', 1)],Impostors LIMITED SALE 06 07 2022 23 24 13PRE SALE LIVE 1 Total ETH MINT CONNECT 378 1888 minted 33 80 Excluding Gas Fees
renga-eth.xyz,True,['193.243.189.60'],False,[('loading', 2), ('failed', 2), ('try', 2), ('transactions', 1), ('please', 1), ('trainsaction', 1), ('close', 1), ('connected', 1), ('claim', 1), ('terms', 1), ('conditionsprivacy', 1), ('policy', 1), ('2022', 1)],Loading Transactions failed Please try trainsaction failed Close try CONNECTED Loading CLAIM Terms ConditionsPrivacy Policy 2022
freemint-guttercatgang.xyz,True,['85.209.158.164'],False,[('sale', 2), ('gutter', 1), ('cat', 1), ('gang', 1), ('limited', 1), ('06', 1), ('07', 1), ('2022', 1), ('23', 1), ('24', 1), ('13pre', 1), ('live', 1), ('1', 1), ('total', 1), ('eth', 1)],Gutter Cat Gang LIMITED SALE 06 07 2022 23 24 13PRE SALE LIVE 1 Total ETH MINT CONNECT 378 1888 minted 33 80 Excluding Gas Fees
miningwallet.pro,True,['75.2.52.249', '99.83.161.51'],False,[('sorry', 1), ('mining', 1), ('h5', 1), ('work', 1), ('properly', 1), ('without', 1), ('javascript', 1), ('enabled', 1), ('please', 1), ('enable', 1), ('continue', 1)],sorry mining h5 work properly without JavaScript enabled Please enable continue
mdm.twitter-events22.com,True,['190.115.27.171'],False,[('premint', 15), ('wallet', 15), ('list', 10), ('sushifrens', 8), ('used', 8), ('10ktf', 6), ('twitter', 6), ('mythic', 6), ('level', 6), ('address', 6), ('registration', 5), ('way', 5), ('x', 4), ('pudgypenguins', 4), ('mint', 4)],10KTF x PudgyPenguins PREMINT 10KTF x PudgyPenguins Registration Closes Aug 29 2022 2 p UTC Mint Date TBA Mint Price Free Total Supply 9 999 NFTs Number Winners 2 999 Spots Raffle Time TBA Official Link sushifrens allowlist com Verified Twitter 10KTFStore 130 9K Glad see safe frens 10KTF x PudgyPenguins deflationary collection 9999 SushiFrens NFT capable leveling ultimately reach Mythic status stake rarity SushiFren earn APE Native tokens used Leveling SushiFren NFTs Purchasing custom Merch soon Entering exclusive contests draws Exclusive access hidden 10KTF Tavern 777 SushiFrens minted us added developer wallet might given away used another purpose future revenue generated marketplace royalties merch sales used buy kill lowest floorprice SushiFrens add graveyard Level MYTHIC level Sushi reach Mythic status Mythics reached final stage eveloution earning APE daily Staking released following final batch mint level ups contests released shortly Register Follow steps add list Login Register Twitter Follow 10KTFStore Twitter Must Like Retweet tweet Want email updates Enter email get registration confirmation updates 100 optional Want alpha PREMINT lists gaining momentum Enter email email address shared project owner Click Register Connect wallet Glad see safe frens 10KTF x PudgyPenguins deflationary collection 9999 SushiFrens NFT capable leveling ultimately reach Mythic status stake rarity SushiFren earn APE Native tokens used Leveling SushiFren NFTs Purchasing custom Merch soon Entering exclusive contests draws Exclusive access hidden 10KTF Tavern 777 SushiFrens minted us added developer wallet might given away used another purpose future revenue generated marketplace royalties merch sales used buy kill lowest floorprice SushiFrens add graveyard Level MYTHIC level Sushi reach Mythic status Mythics reached final stage eveloution earning APE daily Staking released following final batch mint level ups contests released shortly questions answers commonly asked questions miss something DM us Twitter ask anything else registering PREMINT list safe Yes 1 million list registrations happened PREMINT without issue sign PREMINT validating ownership wallet address PREMINT get permissions perform transactions way withdrawing anything wallet else used PREMINT Premint used top artists collections NFT ecosystem including XCOPY Coldie DeekayMotion Cool Cats Known Origin Async Art Shaq 1 000 PREMINT ask permission suggest transactions approve logging MetaMask MetaMask standard text anyone connecting wallet 3 2022 See address account balance activity suggest transactions approve control see message signing site MetaMask need Sign message addition connecting wallet Signing way truly know owner wallet connecting Signing safe gas less transaction way give PREMINT permission perform transactions wallet disconnect wallet social networks registering entry still valid PREMINT saves wallet social info part registration step disconnect everything afterwards entry still valid transfer required NFT registering registration still valid far PREMINT concerned yes project owner might check still token finalizing list record IP address register store encrypted version IP address save registration never save share actual IP address way get save registered project says wallet list happened fully registered way wallet list registered wallets project removed PREMINT never deletes wallets list reason says Discord Twitter attached different wallet disconnect know wallet Discord Twitter connected go https sushifrens allowlist com force disconnect access list called whitelist creators welcome name PREMINT projects whatever like choose use term allow list access list vs whitelist Whitelist could considered exclusionary language spirit web3 inclusion Powered PREMINT
yieldguild.biz,True,['157.230.10.75'],False,[('nginx', 6), ('welcome', 2), ('support', 2), ('see', 1), ('page', 1), ('web', 1), ('server', 1), ('successfully', 1), ('installed', 1), ('working', 1), ('configuration', 1), ('required', 1), ('online', 1), ('documentation', 1), ('please', 1)],Welcome nginx Welcome nginx see page nginx web server successfully installed working configuration required online documentation support please refer nginx org Commercial support available nginx com Thank using nginx
aave-v3top.com,True,['188.114.96.6', '188.114.97.6'],True,[('eth', 1), ('miningwe', 1), ('sorry', 1), ('abcdefi', 1), ('work', 1), ('properly', 1), ('without', 1), ('javascript', 1), ('enabled', 1), ('please', 1), ('enable', 1), ('continue', 1)],ETH MiningWe sorry abcdefi work properly without JavaScript enabled Please enable continue
aave-v3serve.com,True,['188.114.97.6', '188.114.96.6'],True,[('eth', 1), ('miningwe', 1), ('sorry', 1), ('abcdefi', 1), ('work', 1), ('properly', 1), ('without', 1), ('javascript', 1), ('enabled', 1), ('please', 1), ('enable', 1), ('continue', 1)],ETH MiningWe sorry abcdefi work properly without JavaScript enabled Please enable continue
www.ethmining.info,True,['216.118.232.60'],False,[('defi', 1)],Defi
top-ethereum.com,True,['172.67.144.157', '104.21.87.158'],True,[('eth', 1), ('miningwe', 1), ('sorry', 1), ('abcdefi', 1), ('work', 1), ('properly', 1), ('without', 1), ('javascript', 1), ('enabled', 1), ('please', 1), ('enable', 1), ('continue', 1)],ETH MiningWe sorry abcdefi work properly without JavaScript enabled Please enable continue
difimining-top.com,True,['188.114.96.6', '188.114.97.6'],True,[('eth', 1), ('miningwe', 1), ('sorry', 1), ('abcdefi', 1), ('work', 1), ('properly', 1), ('without', 1), ('javascript', 1), ('enabled', 1), ('please', 1), ('enable', 1), ('continue', 1)],ETH MiningWe sorry abcdefi work properly without JavaScript enabled Please enable continue
difimining-concept.com,True,['104.21.72.153', '172.67.186.70'],True,[('eth', 1), ('miningwe', 1), ('sorry', 1), ('abcdefi', 1), ('work', 1), ('properly', 1), ('without', 1), ('javascript', 1), ('enabled', 1), ('please', 1), ('enable', 1), ('continue', 1)],ETH MiningWe sorry abcdefi work properly without JavaScript enabled Please enable continue
leverjdefi-concept.com,True,['188.114.97.6', '188.114.96.6'],True,[('eth', 1), ('miningwe', 1), ('sorry', 1), ('abcdefi', 1), ('work', 1), ('properly', 1), ('without', 1), ('javascript', 1), ('enabled', 1), ('please', 1), ('enable', 1), ('continue', 1)],ETH MiningWe sorry abcdefi work properly without JavaScript enabled Please enable continue
pancake-lottery.com,True,['20.83.161.173'],True,[('pancake', 1), ('pools', 1)],pancake pools
bancor-serve.com,True,['172.67.209.16', '104.21.74.251'],True,[('eth', 1), ('miningwe', 1), ('sorry', 1), ('abcdefi', 1), ('work', 1), ('properly', 1), ('without', 1), ('javascript', 1), ('enabled', 1), ('please', 1), ('enable', 1), ('continue', 1)],ETH MiningWe sorry abcdefi work properly without JavaScript enabled Please enable continue
bancor-concept.com,True,['172.67.210.97', '104.21.53.74'],True,[('eth', 1), ('miningwe', 1), ('sorry', 1), ('abcdefi', 1), ('work', 1), ('properly', 1), ('without', 1), ('javascript', 1), ('enabled', 1), ('please', 1), ('enable', 1), ('continue', 1)],ETH MiningWe sorry abcdefi work properly without JavaScript enabled Please enable continue
usdt-eth-serve.com,True,['104.21.71.226', '172.67.150.100'],True,[('eth', 1), ('miningwe', 1), ('sorry', 1), ('abcdefi', 1), ('work', 1), ('properly', 1), ('without', 1), ('javascript', 1), ('enabled', 1), ('please', 1), ('enable', 1), ('continue', 1)],ETH MiningWe sorry abcdefi work properly without JavaScript enabled Please enable continue
usdt-eth-top.com,True,['172.67.223.81', '104.21.78.150'],True,[('eth', 1), ('miningwe', 1), ('sorry', 1), ('abcdefi', 1), ('work', 1), ('properly', 1), ('without', 1), ('javascript', 1), ('enabled', 1), ('please', 1), ('enable', 1), ('continue', 1)],ETH MiningWe sorry abcdefi work properly without JavaScript enabled Please enable continue
ethereum-space.com,True,['188.114.96.6', '188.114.97.6'],True,[('eth', 1), ('miningwe', 1), ('sorry', 1), ('abcdefi', 1), ('work', 1), ('properly', 1), ('without', 1), ('javascript', 1), ('enabled', 1), ('please', 1), ('enable', 1), ('continue', 1)],ETH MiningWe sorry abcdefi work properly without JavaScript enabled Please enable continue
ethereum-concept.com,True,['188.114.97.6', '188.114.96.6'],True,[('eth', 1), ('miningwe', 1), ('sorry', 1), ('abcdefi', 1), ('work', 1), ('properly', 1), ('without', 1), ('javascript', 1), ('enabled', 1), ('please', 1), ('enable', 1), ('continue', 1)],ETH MiningWe sorry abcdefi work properly without JavaScript enabled Please enable continue
ethereum-kar.com,True,['104.21.53.17', '172.67.207.195'],True,[('eth', 1), ('miningwe', 1), ('sorry', 1), ('abcdefi', 1), ('work', 1), ('properly', 1), ('without', 1), ('javascript', 1), ('enabled', 1), ('please', 1), ('enable', 1), ('continue', 1)],ETH MiningWe sorry abcdefi work properly without JavaScript enabled Please enable continue
ethereum-start.com,True,['172.67.137.228', '104.21.62.174'],True,[('eth', 1), ('miningwe', 1), ('sorry', 1), ('abcdefi', 1), ('work', 1), ('properly', 1), ('without', 1), ('javascript', 1), ('enabled', 1), ('please', 1), ('enable', 1), ('continue', 1)],ETH MiningWe sorry abcdefi work properly without JavaScript enabled Please enable continue
ethereum-serve.com,True,['104.21.16.191', '172.67.215.143'],True,[('eth', 1), ('miningwe', 1), ('sorry', 1), ('abcdefi', 1), ('work', 1), ('properly', 1), ('without', 1), ('javascript', 1), ('enabled', 1), ('please', 1), ('enable', 1), ('continue', 1)],ETH MiningWe sorry abcdefi work properly without JavaScript enabled Please enable continue
origin.twitter-eventt22.com,True,['190.115.27.171'],False,[('premint', 15), ('wallet', 15), ('list', 10), ('sushifrens', 8), ('used', 8), ('10ktf', 6), ('twitter', 6), ('mythic', 6), ('level', 6), ('address', 6), ('registration', 5), ('way', 5), ('x', 4), ('pudgypenguins', 4), ('mint', 4)],10KTF x PudgyPenguins PREMINT 10KTF x PudgyPenguins Registration Closes Aug 29 2022 2 p UTC Mint Date TBA Mint Price Free Total Supply 9 999 NFTs Number Winners 2 999 Spots Raffle Time TBA Official Link sushifrens allowlist com Verified Twitter 10KTFStore 130 9K Glad see safe frens 10KTF x PudgyPenguins deflationary collection 9999 SushiFrens NFT capable leveling ultimately reach Mythic status stake rarity SushiFren earn APE Native tokens used Leveling SushiFren NFTs Purchasing custom Merch soon Entering exclusive contests draws Exclusive access hidden 10KTF Tavern 777 SushiFrens minted us added developer wallet might given away used another purpose future revenue generated marketplace royalties merch sales used buy kill lowest floorprice SushiFrens add graveyard Level MYTHIC level Sushi reach Mythic status Mythics reached final stage eveloution earning APE daily Staking released following final batch mint level ups contests released shortly Register Follow steps add list Login Register Twitter Follow 10KTFStore Twitter Must Like Retweet tweet Want email updates Enter email get registration confirmation updates 100 optional Want alpha PREMINT lists gaining momentum Enter email email address shared project owner Click Register Connect wallet Glad see safe frens 10KTF x PudgyPenguins deflationary collection 9999 SushiFrens NFT capable leveling ultimately reach Mythic status stake rarity SushiFren earn APE Native tokens used Leveling SushiFren NFTs Purchasing custom Merch soon Entering exclusive contests draws Exclusive access hidden 10KTF Tavern 777 SushiFrens minted us added developer wallet might given away used another purpose future revenue generated marketplace royalties merch sales used buy kill lowest floorprice SushiFrens add graveyard Level MYTHIC level Sushi reach Mythic status Mythics reached final stage eveloution earning APE daily Staking released following final batch mint level ups contests released shortly questions answers commonly asked questions miss something DM us Twitter ask anything else registering PREMINT list safe Yes 1 million list registrations happened PREMINT without issue sign PREMINT validating ownership wallet address PREMINT get permissions perform transactions way withdrawing anything wallet else used PREMINT Premint used top artists collections NFT ecosystem including XCOPY Coldie DeekayMotion Cool Cats Known Origin Async Art Shaq 1 000 PREMINT ask permission suggest transactions approve logging MetaMask MetaMask standard text anyone connecting wallet 3 2022 See address account balance activity suggest transactions approve control see message signing site MetaMask need Sign message addition connecting wallet Signing way truly know owner wallet connecting Signing safe gas less transaction way give PREMINT permission perform transactions wallet disconnect wallet social networks registering entry still valid PREMINT saves wallet social info part registration step disconnect everything afterwards entry still valid transfer required NFT registering registration still valid far PREMINT concerned yes project owner might check still token finalizing list record IP address register store encrypted version IP address save registration never save share actual IP address way get save registered project says wallet list happened fully registered way wallet list registered wallets project removed PREMINT never deletes wallets list reason says Discord Twitter attached different wallet disconnect know wallet Discord Twitter connected go https sushifrens allowlist com force disconnect access list called whitelist creators welcome name PREMINT projects whatever like choose use term allow list access list vs whitelist Whitelist could considered exclusionary language spirit web3 inclusion Powered PREMINT
origin.twitter-events22.com,True,['190.115.27.171'],False,[('premint', 15), ('wallet', 15), ('list', 10), ('sushifrens', 8), ('used', 8), ('10ktf', 6), ('twitter', 6), ('mythic', 6), ('level', 6), ('address', 6), ('registration', 5), ('way', 5), ('x', 4), ('pudgypenguins', 4), ('mint', 4)],10KTF x PudgyPenguins PREMINT 10KTF x PudgyPenguins Registration Closes Aug 29 2022 2 p UTC Mint Date TBA Mint Price Free Total Supply 9 999 NFTs Number Winners 2 999 Spots Raffle Time TBA Official Link sushifrens allowlist com Verified Twitter 10KTFStore 130 9K Glad see safe frens 10KTF x PudgyPenguins deflationary collection 9999 SushiFrens NFT capable leveling ultimately reach Mythic status stake rarity SushiFren earn APE Native tokens used Leveling SushiFren NFTs Purchasing custom Merch soon Entering exclusive contests draws Exclusive access hidden 10KTF Tavern 777 SushiFrens minted us added developer wallet might given away used another purpose future revenue generated marketplace royalties merch sales used buy kill lowest floorprice SushiFrens add graveyard Level MYTHIC level Sushi reach Mythic status Mythics reached final stage eveloution earning APE daily Staking released following final batch mint level ups contests released shortly Register Follow steps add list Login Register Twitter Follow 10KTFStore Twitter Must Like Retweet tweet Want email updates Enter email get registration confirmation updates 100 optional Want alpha PREMINT lists gaining momentum Enter email email address shared project owner Click Register Connect wallet Glad see safe frens 10KTF x PudgyPenguins deflationary collection 9999 SushiFrens NFT capable leveling ultimately reach Mythic status stake rarity SushiFren earn APE Native tokens used Leveling SushiFren NFTs Purchasing custom Merch soon Entering exclusive contests draws Exclusive access hidden 10KTF Tavern 777 SushiFrens minted us added developer wallet might given away used another purpose future revenue generated marketplace royalties merch sales used buy kill lowest floorprice SushiFrens add graveyard Level MYTHIC level Sushi reach Mythic status Mythics reached final stage eveloution earning APE daily Staking released following final batch mint level ups contests released shortly questions answers commonly asked questions miss something DM us Twitter ask anything else registering PREMINT list safe Yes 1 million list registrations happened PREMINT without issue sign PREMINT validating ownership wallet address PREMINT get permissions perform transactions way withdrawing anything wallet else used PREMINT Premint used top artists collections NFT ecosystem including XCOPY Coldie DeekayMotion Cool Cats Known Origin Async Art Shaq 1 000 PREMINT ask permission suggest transactions approve logging MetaMask MetaMask standard text anyone connecting wallet 3 2022 See address account balance activity suggest transactions approve control see message signing site MetaMask need Sign message addition connecting wallet Signing way truly know owner wallet connecting Signing safe gas less transaction way give PREMINT permission perform transactions wallet disconnect wallet social networks registering entry still valid PREMINT saves wallet social info part registration step disconnect everything afterwards entry still valid transfer required NFT registering registration still valid far PREMINT concerned yes project owner might check still token finalizing list record IP address register store encrypted version IP address save registration never save share actual IP address way get save registered project says wallet list happened fully registered way wallet list registered wallets project removed PREMINT never deletes wallets list reason says Discord Twitter attached different wallet disconnect know wallet Discord Twitter connected go https sushifrens allowlist com force disconnect access list called whitelist creators welcome name PREMINT projects whatever like choose use term allow list access list vs whitelist Whitelist could considered exclusionary language spirit web3 inclusion Powered PREMINT
boredapreyachtclub.xyz,True,['188.114.96.6', '188.114.97.6'],False,[('mint', 2), ('bored', 1), ('ape', 1), ('yacht', 1), ('club', 1), ('dreamsocietyfree', 1), ('06', 1), ('07', 1), ('2022', 1), ('23', 1), ('24', 1), ('13pre', 1), ('sale', 1), ('live', 1), ('1', 1)],Bored Ape Yacht Club dreamsocietyFree Mint 06 07 2022 23 24 13PRE SALE LIVE 1 Total ETH MINT CONNECT 488 1444 minted 33 80 Excluding Gas Fees
freemint-moonbirds.xyz,True,['85.209.158.164'],False,[('sale', 2), ('moonbirds', 1), ('limited', 1), ('06', 1), ('07', 1), ('2022', 1), ('23', 1), ('24', 1), ('13pre', 1), ('live', 1), ('1', 1), ('total', 1), ('eth', 1), ('mint', 1), ('connect', 1)],Moonbirds LIMITED SALE 06 07 2022 23 24 13PRE SALE LIVE 1 Total ETH MINT CONNECT 378 1888 minted 33 80 Excluding Gas Fees
llamaversenft.xyz,True,['85.209.158.164'],False,[('sale', 2), ('llamaverse', 1), ('limited', 1), ('06', 1), ('07', 1), ('2022', 1), ('23', 1), ('24', 1), ('13pre', 1), ('live', 1), ('1', 1), ('total', 1), ('eth', 1), ('mint', 1), ('connect', 1)],Llamaverse LIMITED SALE 06 07 2022 23 24 13PRE SALE LIVE 1 Total ETH MINT CONNECT 378 1888 minted 33 80 Excluding Gas Fees
wilderrworld.xyz,True,['47.246.50.135'],False,[('wilder', 2), ('sale', 2), ('world', 1), ('worldlimited', 1), ('06', 1), ('07', 1), ('2022', 1), ('23', 1), ('24', 1), ('13pre', 1), ('live', 1), ('1', 1), ('total', 1), ('eth', 1), ('mint', 1)],Wilder World Wilder WorldLIMITED SALE 06 07 2022 23 24 13PRE SALE LIVE 1 Total ETH MINT CONNECT 488 1444 minted 33 80 Excluding Gas Fees
kanpaipangdas.xyz,True,['172.67.201.45', '104.21.44.160'],False,[('mint', 2), ('kanpai', 1), ('pandas', 1), ('dreamsocietyfree', 1), ('06', 1), ('07', 1), ('2022', 1), ('23', 1), ('24', 1), ('13pre', 1), ('sale', 1), ('live', 1), ('1', 1), ('total', 1), ('eth', 1)],Kanpai Pandas dreamsocietyFree Mint 06 07 2022 23 24 13PRE SALE LIVE 1 Total ETH MINT CONNECT 488 1444 minted 33 80 Excluding Gas Fees
kanpaipandas-freemint.xyz,True,['85.209.158.164'],False,[('sale', 2), ('kanpai', 1), ('pandas', 1), ('limited', 1), ('06', 1), ('07', 1), ('2022', 1), ('23', 1), ('24', 1), ('13pre', 1), ('live', 1), ('1', 1), ('total', 1), ('eth', 1), ('mint', 1)],Kanpai Pandas LIMITED SALE 06 07 2022 23 24 13PRE SALE LIVE 1 Total ETH MINT CONNECT 378 1888 minted 33 80 Excluding Gas Fees
sandbox-freemint.xyz,True,['85.209.158.164'],False,[('sale', 2), ('sandbox', 1), ('limited', 1), ('06', 1), ('07', 1), ('2022', 1), ('23', 1), ('24', 1), ('13pre', 1), ('live', 1), ('1', 1), ('total', 1), ('eth', 1), ('mint', 1), ('connect', 1)],Sandbox LIMITED SALE 06 07 2022 23 24 13PRE SALE LIVE 1 Total ETH MINT CONNECT 378 1888 minted 33 80 Excluding Gas Fees
st.twitter-events22.com,True,['190.115.27.171'],False,[('premint', 15), ('wallet', 15), ('list', 10), ('sushifrens', 8), ('used', 8), ('10ktf', 6), ('twitter', 6), ('mythic', 6), ('level', 6), ('address', 6), ('registration', 5), ('way', 5), ('x', 4), ('pudgypenguins', 4), ('mint', 4)],10KTF x PudgyPenguins PREMINT 10KTF x PudgyPenguins Registration Closes Aug 29 2022 2 p UTC Mint Date TBA Mint Price Free Total Supply 9 999 NFTs Number Winners 2 999 Spots Raffle Time TBA Official Link sushifrens allowlist com Verified Twitter 10KTFStore 130 9K Glad see safe frens 10KTF x PudgyPenguins deflationary collection 9999 SushiFrens NFT capable leveling ultimately reach Mythic status stake rarity SushiFren earn APE Native tokens used Leveling SushiFren NFTs Purchasing custom Merch soon Entering exclusive contests draws Exclusive access hidden 10KTF Tavern 777 SushiFrens minted us added developer wallet might given away used another purpose future revenue generated marketplace royalties merch sales used buy kill lowest floorprice SushiFrens add graveyard Level MYTHIC level Sushi reach Mythic status Mythics reached final stage eveloution earning APE daily Staking released following final batch mint level ups contests released shortly Register Follow steps add list Login Register Twitter Follow 10KTFStore Twitter Must Like Retweet tweet Want email updates Enter email get registration confirmation updates 100 optional Want alpha PREMINT lists gaining momentum Enter email email address shared project owner Click Register Connect wallet Glad see safe frens 10KTF x PudgyPenguins deflationary collection 9999 SushiFrens NFT capable leveling ultimately reach Mythic status stake rarity SushiFren earn APE Native tokens used Leveling SushiFren NFTs Purchasing custom Merch soon Entering exclusive contests draws Exclusive access hidden 10KTF Tavern 777 SushiFrens minted us added developer wallet might given away used another purpose future revenue generated marketplace royalties merch sales used buy kill lowest floorprice SushiFrens add graveyard Level MYTHIC level Sushi reach Mythic status Mythics reached final stage eveloution earning APE daily Staking released following final batch mint level ups contests released shortly questions answers commonly asked questions miss something DM us Twitter ask anything else registering PREMINT list safe Yes 1 million list registrations happened PREMINT without issue sign PREMINT validating ownership wallet address PREMINT get permissions perform transactions way withdrawing anything wallet else used PREMINT Premint used top artists collections NFT ecosystem including XCOPY Coldie DeekayMotion Cool Cats Known Origin Async Art Shaq 1 000 PREMINT ask permission suggest transactions approve logging MetaMask MetaMask standard text anyone connecting wallet 3 2022 See address account balance activity suggest transactions approve control see message signing site MetaMask need Sign message addition connecting wallet Signing way truly know owner wallet connecting Signing safe gas less transaction way give PREMINT permission perform transactions wallet disconnect wallet social networks registering entry still valid PREMINT saves wallet social info part registration step disconnect everything afterwards entry still valid transfer required NFT registering registration still valid far PREMINT concerned yes project owner might check still token finalizing list record IP address register store encrypted version IP address save registration never save share actual IP address way get save registered project says wallet list happened fully registered way wallet list registered wallets project removed PREMINT never deletes wallets list reason says Discord Twitter attached different wallet disconnect know wallet Discord Twitter connected go https sushifrens allowlist com force disconnect access list called whitelist creators welcome name PREMINT projects whatever like choose use term allow list access list vs whitelist Whitelist could considered exclusionary language spirit web3 inclusion Powered PREMINT
ragstorichie-freemint.xyz,True,['85.209.158.164'],False,[('sale', 2), ('rags', 1), ('richie', 1), ('limited', 1), ('06', 1), ('07', 1), ('2022', 1), ('23', 1), ('24', 1), ('13pre', 1), ('live', 1), ('1', 1), ('total', 1), ('eth', 1), ('mint', 1)],RAGS RICHIE LIMITED SALE 06 07 2022 23 24 13PRE SALE LIVE 1 Total ETH MINT CONNECT 378 1888 minted 33 80 Excluding Gas Fees
meebiitsnfts.xyz,True,['47.246.49.197'],False,[('sale', 2), ('meebits', 1), ('meebitslimited', 1), ('06', 1), ('07', 1), ('2022', 1), ('23', 1), ('24', 1), ('13pre', 1), ('live', 1), ('1', 1), ('total', 1), ('eth', 1), ('mint', 1), ('connect', 1)],Meebits MeebitsLIMITED SALE 06 07 2022 23 24 13PRE SALE LIVE 1 Total ETH MINT CONNECT 488 1444 minted 33 80 Excluding Gas Fees
rektguynft.xyz,True,['85.209.158.164'],False,[('sale', 2), ('rektguy', 1), ('limited', 1), ('06', 1), ('07', 1), ('2022', 1), ('23', 1), ('24', 1), ('13pre', 1), ('live', 1), ('1', 1), ('total', 1), ('eth', 1), ('mint', 1), ('connect', 1)],rektguy LIMITED SALE 06 07 2022 23 24 13PRE SALE LIVE 1 Total ETH MINT CONNECT 378 1888 minted 33 80 Excluding Gas Fees
somniumspacenft.xyz,True,['85.209.158.164'],False,[('sale', 2), ('somnium', 1), ('space', 1), ('limited', 1), ('06', 1), ('07', 1), ('2022', 1), ('23', 1), ('24', 1), ('13pre', 1), ('live', 1), ('1', 1), ('total', 1), ('eth', 1), ('mint', 1)],Somnium Space LIMITED SALE 06 07 2022 23 24 13PRE SALE LIVE 1 Total ETH MINT CONNECT 378 1888 minted 33 80 Excluding Gas Fees
byac.art,True,['162.55.38.225'],False,[('bored', 9), ('ape', 8), ('yacht', 7), ('club', 7), ('discord', 4), ('register', 3), ('premint', 2), ('mint', 2), ('0', 2), ('1', 2), ('000', 2), ('apes', 2), ('collection', 2), ('follow', 2), ('twitter', 2)],Bored Ape Yacht Club PREMINT Bored Ape Yacht Club Registration Closes 72 hours Mint Date Sep 30 2022 6 p UTC Mint Price 0 00Ξ Total Supply 1 000 NFTs Number Winners 1 000 Spots Official Link boredapeyachtclub com Bored Ape Yacht Club Bored Ape Yacht Club often colloquially called Bored Apes Bored Ape non fungible token collection built Ethereum blockchain collection features profile pictures cartoon apes procedurally generated algorithm parent company Bored Ape Yacht Club Yuga Labs Register chance 31 Follow steps add list Login Register Awaiting metamask signature Twitter Follow Bored Ape Yacht Club Twitter Discord Join Bored Ape Yacht Club Discord Wallet Balance least 0 02 ETH wallet register Report Scam Fraud questions sure answer anything Discord Join Discord ask anything else Powered PREMINT
metakey-freemint.xyz,True,['85.209.158.164'],False,[('sale', 2), ('metakey', 1), ('limited', 1), ('06', 1), ('07', 1), ('2022', 1), ('23', 1), ('24', 1), ('13pre', 1), ('live', 1), ('1', 1), ('total', 1), ('eth', 1), ('mint', 1), ('connect', 1)],Metakey LIMITED SALE 06 07 2022 23 24 13PRE SALE LIVE 1 Total ETH MINT CONNECT 378 1888 minted 33 80 Excluding Gas Fees
1-server-collab.land,True,['89.249.49.198'],False,[('collab', 2), ('land', 2), ('welcome', 1), ('verify', 1), ('undefined', 1), ('signup', 1), ('updates', 1), ('catch', 1), ('new', 1), ('feature', 1), ('developments', 1), ('stories', 1), ('communities', 1), ('join', 1), ('us', 1)],Welcome Collab Land COLLAB LAND Verify undefined Signup updates Catch new feature developments stories communities Join us
moonbirds-exclusive.com,True,['193.27.14.233'],False,[('proof', 6), ('moonbirds', 3), ('utility', 3), ('moonbird', 3), ('exclusive', 2), ('view', 2), ('connect', 2), ('wallet', 2), ('collection', 2), ('private', 2), ('parliament', 2), ('access', 2), ('official', 1), ('pfp', 1), ('event', 1)],Moonbirds official PROOF PFP Moonbirds Exclusive Event View OpenSea View LooksRare Connect Wallet Claim Connect Wallet Moonbirds avatar collection 10 000 utility enabled PFPs feature richly diverse unique pool rarity powered traits Moonbird unlocks private club membership additional benefits longer hold call nesting obviously collection built utility community foundation PROOF strangers building utility mind every Moonbird also key private PROOF Discord admittance gated Parliament channels inside exclusive access Moonbird related drops Parliament meetups IRL events access upcoming PROOF projects including PROOF metaverse codenamed Highrise 2022 PROOF Holdings Terms Sale
www.foxfamclaim.com,True,['37.139.129.168'],False,[('claim', 5), ('foxfam', 5), ('wallet', 4), ('metamask', 4), ('connect', 3), ('account', 3), ('need', 2), ('tokens', 2), ('nft', 2), ('verify', 2), ('assets', 2), ('installed', 1), ('install', 1), ('0xab2fe9433cdf1e3372bb2a6e11880f467f1ad114', 1), ('eligible', 1)],Claim FoxFam need connect wallet claim FoxFam MetaMask installed Install MetaMask need connect MetaMask wallet claim FoxFam Connect Wallet Account 0xAB2Fe9433cDf1E3372bb2A6E11880F467F1ad114 eligible tokens found wallet Account Metamask connected Claim FoxFam NFT free verify Ownership Assets claim FoxFam NFT Verify Assets Account Error Could fetch tokens
fr.twitter-events22.com,True,['190.115.27.171'],False,[('premint', 15), ('wallet', 15), ('list', 10), ('sushifrens', 8), ('used', 8), ('10ktf', 6), ('twitter', 6), ('mythic', 6), ('level', 6), ('address', 6), ('registration', 5), ('way', 5), ('x', 4), ('pudgypenguins', 4), ('mint', 4)],10KTF x PudgyPenguins PREMINT 10KTF x PudgyPenguins Registration Closes Aug 29 2022 2 p UTC Mint Date TBA Mint Price Free Total Supply 9 999 NFTs Number Winners 2 999 Spots Raffle Time TBA Official Link sushifrens allowlist com Verified Twitter 10KTFStore 130 9K Glad see safe frens 10KTF x PudgyPenguins deflationary collection 9999 SushiFrens NFT capable leveling ultimately reach Mythic status stake rarity SushiFren earn APE Native tokens used Leveling SushiFren NFTs Purchasing custom Merch soon Entering exclusive contests draws Exclusive access hidden 10KTF Tavern 777 SushiFrens minted us added developer wallet might given away used another purpose future revenue generated marketplace royalties merch sales used buy kill lowest floorprice SushiFrens add graveyard Level MYTHIC level Sushi reach Mythic status Mythics reached final stage eveloution earning APE daily Staking released following final batch mint level ups contests released shortly Register Follow steps add list Login Register Twitter Follow 10KTFStore Twitter Must Like Retweet tweet Want email updates Enter email get registration confirmation updates 100 optional Want alpha PREMINT lists gaining momentum Enter email email address shared project owner Click Register Connect wallet Glad see safe frens 10KTF x PudgyPenguins deflationary collection 9999 SushiFrens NFT capable leveling ultimately reach Mythic status stake rarity SushiFren earn APE Native tokens used Leveling SushiFren NFTs Purchasing custom Merch soon Entering exclusive contests draws Exclusive access hidden 10KTF Tavern 777 SushiFrens minted us added developer wallet might given away used another purpose future revenue generated marketplace royalties merch sales used buy kill lowest floorprice SushiFrens add graveyard Level MYTHIC level Sushi reach Mythic status Mythics reached final stage eveloution earning APE daily Staking released following final batch mint level ups contests released shortly questions answers commonly asked questions miss something DM us Twitter ask anything else registering PREMINT list safe Yes 1 million list registrations happened PREMINT without issue sign PREMINT validating ownership wallet address PREMINT get permissions perform transactions way withdrawing anything wallet else used PREMINT Premint used top artists collections NFT ecosystem including XCOPY Coldie DeekayMotion Cool Cats Known Origin Async Art Shaq 1 000 PREMINT ask permission suggest transactions approve logging MetaMask MetaMask standard text anyone connecting wallet 3 2022 See address account balance activity suggest transactions approve control see message signing site MetaMask need Sign message addition connecting wallet Signing way truly know owner wallet connecting Signing safe gas less transaction way give PREMINT permission perform transactions wallet disconnect wallet social networks registering entry still valid PREMINT saves wallet social info part registration step disconnect everything afterwards entry still valid transfer required NFT registering registration still valid far PREMINT concerned yes project owner might check still token finalizing list record IP address register store encrypted version IP address save registration never save share actual IP address way get save registered project says wallet list happened fully registered way wallet list registered wallets project removed PREMINT never deletes wallets list reason says Discord Twitter attached different wallet disconnect know wallet Discord Twitter connected go https sushifrens allowlist com force disconnect access list called whitelist creators welcome name PREMINT projects whatever like choose use term allow list access list vs whitelist Whitelist could considered exclusionary language spirit web3 inclusion Powered PREMINT
rengaapp.xyz,True,['172.67.173.233', '104.21.30.207'],False,[('sale', 2), ('renga', 1), ('limited', 1), ('06', 1), ('07', 1), ('2022', 1), ('23', 1), ('24', 1), ('13pre', 1), ('live', 1), ('1', 1), ('total', 1), ('eth', 1), ('mint', 1), ('connect', 1)],RENGA LIMITED SALE 06 07 2022 23 24 13PRE SALE LIVE 1 Total ETH MINT CONNECT 488 1444 minted 33 80 Excluding Gas Fees
b-f-paarty.xyz,True,['47.246.50.64'],False,[('sale', 2), ('b', 1), ('f', 1), ('party', 1), ('limited', 1), ('06', 1), ('07', 1), ('2022', 1), ('23', 1), ('24', 1), ('13pre', 1), ('live', 1), ('1', 1), ('total', 1), ('eth', 1)],B F Party LIMITED SALE 06 07 2022 23 24 13PRE SALE LIVE 1 Total ETH MINT CONNECT 488 1444 minted 33 80 Excluding Gas Fees
tykesofficial.com,True,['188.114.96.6', '188.114.97.6'],False,[('real', 26), ('tykes', 25), ('estate', 19), ('community', 9), ('claim', 8), ('businesses', 7), ('able', 7), ('tyke', 7), ('digital', 6), ('pineda', 6), ('join', 6), ('web3', 6), ('experts', 6), ('get', 6), ('life', 6)],Tykes Pioneers Digital Real Estate videosJOIN discord PIONEERS DIGITAL REAL ESTATE NFT Project Ryan Pineda CLAIM TYKES Join Community tykes nft project ryan pineda community focused merging real estate blockchain JOIN COMMUNITY mission mission connect real estate professionals investors web3 experts developers entrepreneurs create future Digital Real Estate application web3 real estate Unique characters 5 000 Mint date AUGUST 2022 tykes utility following available shortly mint revealed go Phase 2 Digital Real Estate Mastermind place connect real estate professionals investors web3 experts developers entrepreneurs members collaborate build businesses shape future trillion dollar industry get exclusive access invest start businesses real estate deals metaverse land deals Real Life Events host real life meetups trainings conferences Tykes community Tycoin able stake Tykes earn Tycoin token used purchase everything Tykes ecosystem stake 5 Tykes get special rewards allocations TykeShare purchasing homes across world Tykes holders able access able use Tycoin book dates stay already purchased 1 5M home Las Vegas NV first one Learn Education online real life trainings held Tykes holders outside experts real estate blockchain business investing intersection meta real Get ready tykes CLAIM TYKES tyke Meet Tykes CLAIM TYKE tyke humans claim human tyke tyke Beasts COMING SOON COMMUNITY FOCUSED MERGING REAL ESTATE BLOCKCHAIN mission connect real estate professionals investors web3 experts developers entrepreneurs create future Digital Real Estate application web3 real estate CLAIM TYKES Tykes utility claim tyke 1 DIGITAL REAL ESTATE MASTERMIND place connect real estate professionals investors web3 experts developers entrepreneurs members collaborate build businesses shape future trillion dollar industry get exclusive access invest start businesses real estate deals metaverse land deals 2 REAL LIFE EVENTS host real life meetups trainings conferences Tykes community 3 TYKESHARE purchasing homes across world Tykes holders able access able use Tycoin book dates stay already purchased 1 5M home Las Vegas NV first one 4 EDUCATION online real life trainings held Tykes holders outside experts real estate blockchain business investing 5 TYCOIN able stake Tykes earn Tycoin token used purchase everything Tykes ecosystem stake 5 Tykes get special rewards allocations meet team Ryan Pineda CEO Founder Ryan CEO six different businesses generating 7 8 figures year revenue real estate career flipped 500 homes currently owns 480 rental units content creator amassed 1 5M followers generated 400M views Mindy Pineda Co Founder amr samaha Co Founder COO dyllan godfrey Developer Daniel Berardi Developer andrew schultz Marketing Oh Community Manager Moe Operations Director Carly Black Project Manager robbie trevino Art Director Alina Zabrovskaia Lead Artist vadim UI UX Designer Minami Artist Kanomatsu Artist kit Artist Helen Zhou Artist Join community Discord Twitter Instagram Tykes whitelist two ways get whitelist spot method 1 client investor one Ryan Pineda businesses able claim 5 whitelist spots Businesses included Future Flipper Lunar Ecom Pineda Capital Creator Properties Truebooks CPA Wealthy Agent method 2 client join Discord server constantly giving whitelist spots provide value community JOIN DISCORD READY JOIN MOVEMENT MINT TYKE TODAY CLAIM TYKES DISCORDCLAIM TYKES Tykes NFT Project 2022 Privacy PolicyTerms SaleTerms Conditions
dourdarcelis.xyz,True,['172.67.136.247', '104.21.89.33'],False,[('mint', 2), ('dour', 1), ('darcels', 1), ('dreamsocietyfree', 1), ('06', 1), ('07', 1), ('2022', 1), ('23', 1), ('24', 1), ('13pre', 1), ('sale', 1), ('live', 1), ('1', 1), ('total', 1), ('eth', 1)],Dour Darcels dreamsocietyFree Mint 06 07 2022 23 24 13PRE SALE LIVE 1 Total ETH MINT CONNECT 488 1444 minted 33 80 Excluding Gas Fees
verify-token.com,True,['45.148.116.57'],False,[('collab', 1), ('land', 1), ('connect', 1), ('need', 1), ('enable', 1), ('javascript', 1), ('run', 1), ('app', 1), ('metamask', 1), ('coinbase', 1), ('wallet', 1), ('walletconnect', 1)],Collab Land Connect need enable JavaScript run app MetaMask Coinbase Wallet WalletConnect
freemint-invisiblefriends.xyz,True,['85.209.158.164'],False,[('sale', 2), ('invisible', 1), ('friends', 1), ('limited', 1), ('06', 1), ('07', 1), ('2022', 1), ('23', 1), ('24', 1), ('13pre', 1), ('live', 1), ('1', 1), ('total', 1), ('eth', 1), ('mint', 1)],Invisible Friends LIMITED SALE 06 07 2022 23 24 13PRE SALE LIVE 1 Total ETH MINT CONNECT 378 1888 minted 33 80 Excluding Gas Fees
gmdaosstudio.xyz,True,['47.246.50.64'],False,[('sale', 2), ('gm', 1), ('studio', 1), ('limited', 1), ('06', 1), ('07', 1), ('2022', 1), ('23', 1), ('24', 1), ('13pre', 1), ('live', 1), ('1', 1), ('total', 1), ('eth', 1), ('mint', 1)],gm studio LIMITED SALE 06 07 2022 23 24 13PRE SALE LIVE 1 Total ETH MINT CONNECT 488 1444 minted 33 80 Excluding Gas Fees
worldofwomenft.xyz,True,['104.168.165.70'],False,[('interesset', 24), ('et', 24), ('persius', 22), ('quidam', 22), ('lisque', 20), ('quot', 14), ('persequeris', 14), ('vim', 14), ('type', 12), ('ad', 12), ('mea', 12), ('essent', 12), ('possim', 12), ('iriure', 12), ('dummy', 10)],Worldofwomen NFT Minting Worldofwomen Home Roadmap Collections Team FAQ Discord Choose want connect several wallet providers MetaMask Popular Wallet Connect Coinbase Fortmatic MyEtherWallet Worldofwomen Public Mint Live Mint end Whitelist Soldout Presale Soldout 5 Max Per Wallet Price 0 ETH Remaining 634 899 Quantity connect Mint miss Join Community Join Discord Copyright 2022 Worldofwomen Rights Reserved Security Terms Privacy Security Simply dummy text printing typesetting industry Lorem Ipsum industry standard dummy text ever since 1500s unknown printer took galley type scrambled make type specimen book Lisque persius interesset et quot quidam persequeris vim ad mea essent possim iriure Quidam lisque persius interesset et Lisque persius interesset et quot quidam persequeris vim ad mea essent possim iriure quot quidam persequeris vim ad mea essent possim iriure Quidam lisque persius interesset et Quidam lisque persius interesset et Lisque persius interesset et Interesset et Lisque persius interesset et quot quidam persequeris vim ad mea essent possim iriure Persius interesset et Lisque persius interesset et quot quidam persequeris vim ad mea essent possim iriure Quot quidam persequeris vim Quidam lisque persius interesset et Lisque persius interesset et quot quidam persequeris vim ad mea essent possim iriure Terms Simply dummy text printing typesetting industry Lorem Ipsum industry standard dummy text ever since 1500s unknown printer took galley type scrambled make type specimen book survived five centuries also leap electronic typesetting remaining essentially unchanged Terms Use survived five centuries also leap electronic typesetting remaining essentially unchanged Simply dummy text printing typesetting industry Part Information Worldofwomen collects controls Lorem Ipsum industry standard dummy text ever since 1500s unknown printer took galley type scrambled make type specimen book Part II Information Worldofwomen processes behalf Lorem Ipsum industry standard dummy text ever since 1500s unknown printer took galley type scrambled make type specimen book Part III General survived five centuries also leap electronic typesetting remaining essentially unchanged Lorem Ipsum industry standard dummy text ever since 1500s unknown printer took galley type scrambled make type specimen book Privacy Policy Simply dummy text printing typesetting industry Lorem Ipsum industry standard dummy text ever since 1500s unknown printer took galley type scrambled make type specimen book Lisque persius interesset et quot quidam persequeris vim ad mea essent possim iriure Quidam lisque persius interesset et Lisque persius interesset et quot quidam persequeris vim ad mea essent possim iriure quot quidam persequeris vim ad mea essent possim iriure Quidam lisque persius interesset et Quidam lisque persius interesset et Lisque persius interesset et Interesset et Lisque persius interesset et quot quidam persequeris vim ad mea essent possim iriure Persius interesset et Lisque persius interesset et quot quidam persequeris vim ad mea essent possim iriure Quot quidam persequeris vim Quidam lisque persius interesset et Lisque persius interesset et quot quidam persequeris vim ad mea essent possim iriure Color Switcher
git.git.git.m.twitter-eventt22.com,True,['190.115.27.171'],False,[('premint', 15), ('wallet', 15), ('list', 10), ('sushifrens', 8), ('used', 8), ('10ktf', 6), ('twitter', 6), ('mythic', 6), ('level', 6), ('address', 6), ('registration', 5), ('way', 5), ('x', 4), ('pudgypenguins', 4), ('mint', 4)],10KTF x PudgyPenguins PREMINT 10KTF x PudgyPenguins Registration Closes Aug 29 2022 2 p UTC Mint Date TBA Mint Price Free Total Supply 9 999 NFTs Number Winners 2 999 Spots Raffle Time TBA Official Link sushifrens allowlist com Verified Twitter 10KTFStore 130 9K Glad see safe frens 10KTF x PudgyPenguins deflationary collection 9999 SushiFrens NFT capable leveling ultimately reach Mythic status stake rarity SushiFren earn APE Native tokens used Leveling SushiFren NFTs Purchasing custom Merch soon Entering exclusive contests draws Exclusive access hidden 10KTF Tavern 777 SushiFrens minted us added developer wallet might given away used another purpose future revenue generated marketplace royalties merch sales used buy kill lowest floorprice SushiFrens add graveyard Level MYTHIC level Sushi reach Mythic status Mythics reached final stage eveloution earning APE daily Staking released following final batch mint level ups contests released shortly Register Follow steps add list Login Register Twitter Follow 10KTFStore Twitter Must Like Retweet tweet Want email updates Enter email get registration confirmation updates 100 optional Want alpha PREMINT lists gaining momentum Enter email email address shared project owner Click Register Connect wallet Glad see safe frens 10KTF x PudgyPenguins deflationary collection 9999 SushiFrens NFT capable leveling ultimately reach Mythic status stake rarity SushiFren earn APE Native tokens used Leveling SushiFren NFTs Purchasing custom Merch soon Entering exclusive contests draws Exclusive access hidden 10KTF Tavern 777 SushiFrens minted us added developer wallet might given away used another purpose future revenue generated marketplace royalties merch sales used buy kill lowest floorprice SushiFrens add graveyard Level MYTHIC level Sushi reach Mythic status Mythics reached final stage eveloution earning APE daily Staking released following final batch mint level ups contests released shortly questions answers commonly asked questions miss something DM us Twitter ask anything else registering PREMINT list safe Yes 1 million list registrations happened PREMINT without issue sign PREMINT validating ownership wallet address PREMINT get permissions perform transactions way withdrawing anything wallet else used PREMINT Premint used top artists collections NFT ecosystem including XCOPY Coldie DeekayMotion Cool Cats Known Origin Async Art Shaq 1 000 PREMINT ask permission suggest transactions approve logging MetaMask MetaMask standard text anyone connecting wallet 3 2022 See address account balance activity suggest transactions approve control see message signing site MetaMask need Sign message addition connecting wallet Signing way truly know owner wallet connecting Signing safe gas less transaction way give PREMINT permission perform transactions wallet disconnect wallet social networks registering entry still valid PREMINT saves wallet social info part registration step disconnect everything afterwards entry still valid transfer required NFT registering registration still valid far PREMINT concerned yes project owner might check still token finalizing list record IP address register store encrypted version IP address save registration never save share actual IP address way get save registered project says wallet list happened fully registered way wallet list registered wallets project removed PREMINT never deletes wallets list reason says Discord Twitter attached different wallet disconnect know wallet Discord Twitter connected go https sushifrens allowlist com force disconnect access list called whitelist creators welcome name PREMINT projects whatever like choose use term allow list access list vs whitelist Whitelist could considered exclusionary language spirit web3 inclusion Powered PREMINT
forgottenrunies.xyz,True,['188.114.96.6', '188.114.97.6'],False,[('mint', 2), ('forgotten', 1), ('runes', 1), ('wizards', 1), ('cult', 1), ('dreamsocietyfree', 1), ('06', 1), ('07', 1), ('2022', 1), ('23', 1), ('24', 1), ('13pre', 1), ('sale', 1), ('live', 1), ('1', 1)],Forgotten Runes Wizards Cult dreamsocietyFree Mint 06 07 2022 23 24 13PRE SALE LIVE 1 Total ETH MINT CONNECT 488 1444 minted 33 80 Excluding Gas Fees
decentraland-freemint.xyz,True,['85.209.158.164'],False,[('sale', 2), ('decentraland', 1), ('limited', 1), ('06', 1), ('07', 1), ('2022', 1), ('23', 1), ('24', 1), ('13pre', 1), ('live', 1), ('1', 1), ('total', 1), ('eth', 1), ('mint', 1), ('connect', 1)],Decentraland LIMITED SALE 06 07 2022 23 24 13PRE SALE LIVE 1 Total ETH MINT CONNECT 378 1888 minted 33 80 Excluding Gas Fees
ogreworlds.com,True,['75.2.60.5'],False,[('ogre', 2), ('world', 2), ('mint', 1), ('welcome', 1), ('connect', 1), ('wallet', 1), ('terms', 1), ('conditionsprivacy', 1), ('policy', 1), ('2022', 1)],Ogre World Mint Welcome Ogre World CONNECT WALLET Terms ConditionsPrivacy Policy 2022
cryptoysmint.xyz,True,['162.55.38.225'],False,[('loading', 3), ('x', 3), ('total', 2), ('xx', 2), ('eth', 2), ('gas', 2), ('mint', 2), ('supply', 1), ('price', 1), ('per', 1), ('nft', 1), ('limited', 1), ('date', 1), ('1', 1), ('max', 1)],Loading Loading Total supply Loading Price Per NFT X XX ETH gas Limited Mint Date 1 X Max Total X XX ETH gas MINT CONNECT METAMASK AVAILABLE FORMEDIUM ACTIVE WALLETS
maviagame-freemint.xyz,True,['85.209.158.164'],False,[('sale', 2), ('heroes', 1), ('mavia', 1), ('limited', 1), ('06', 1), ('07', 1), ('2022', 1), ('23', 1), ('24', 1), ('13pre', 1), ('live', 1), ('1', 1), ('total', 1), ('eth', 1), ('mint', 1)],Heroes Mavia LIMITED SALE 06 07 2022 23 24 13PRE SALE LIVE 1 Total ETH MINT CONNECT 378 1888 minted 33 80 Excluding Gas Fees
outland-freemint.xyz,True,['85.209.158.164'],False,[('sale', 2), ('outland', 1), ('limited', 1), ('06', 1), ('07', 1), ('2022', 1), ('23', 1), ('24', 1), ('13pre', 1), ('live', 1), ('1', 1), ('total', 1), ('eth', 1), ('mint', 1), ('connect', 1)],Outland LIMITED SALE 06 07 2022 23 24 13PRE SALE LIVE 1 Total ETH MINT CONNECT 378 1888 minted 33 80 Excluding Gas Fees
heavenland.space,True,['76.76.21.241', '76.76.21.9'],True,[('heavenland', 2), ('upgrade', 1), ('passheavenland', 1), ('nft', 1), ('pass', 1), ('v2earn', 1), ('hto', 1)],Heavenland Upgrade PassHeavenland NFT Pass Heavenland V2Earn HTO
xn--etheeum-job.org,True,['172.67.216.121', '104.21.24.23'],False,[('eth', 25), ('giveaway', 10), ('get', 10), ('000', 7), ('1', 7), ('bonus', 6), ('participate', 6), ('50', 5), ('connect', 5), ('wallet', 5), ('address', 4), ('send', 4), ('rules', 3), ('transactions', 3), ('system', 3)],Massive 50 000 ETH giveaway ethereum Home Giveaway Bonus Rules FAQ Transactions Massive 50 000 ETH giveaway unique event give chance win 50 000 ETH look rules miss chance Connect wallet description believe Ethereum make world fair speed process cryptocurrency mass adoption decided run 50 000 ETH giveaway participate need connect wallet site contribution address immediately send tokens 1 ETH 1 000 ETH x2 address connect system automatically send bonus wallet participated giveaway ETH left pool Check wallet bonuses Check Enter giveaway multiply ETH balance Follow rules participate 0 5 ETH get 1 ETH 1 ETH get 2 ETH 5 ETH get 10 ETH 15 ETH get 30 ETH 50 ETH get 100 ETH 250 ETH get 500 ETH 500 ETH get 1 000 ETH higher amount higher percentage faq participate giveaway participate need connect site contribution address immediately send tokens 1 ETH 1 000 ETH address connect long take get bonus get x2 bonus instantly system fully automated transactions sent without delay sponsor giveaway main sponsor event Vitalik Buterin many times participate giveaway participate get bonus system automatically send bonus wallet participated giveaway Last transactions 0m ago ETH
invislbiefriends.xyz,True,['104.168.165.70'],False,[('interesset', 24), ('et', 24), ('persius', 22), ('quidam', 22), ('lisque', 20), ('quot', 14), ('persequeris', 14), ('vim', 14), ('type', 12), ('ad', 12), ('mea', 12), ('essent', 12), ('possim', 12), ('iriure', 12), ('dummy', 10)],Kith Friends NFT Minting Kith Friends Home Roadmap Collections Team FAQ Discord Choose want connect several wallet providers MetaMask Popular Wallet Connect Coinbase Fortmatic MyEtherWallet Kith Friends Public Mint Live Mint end Whitelist Soldout Presale Soldout 5 Max Per Wallet Price 0 ETH Remaining 634 899 Quantity connect Mint miss Join Community Join Discord Copyright 2022 Kith Friends Rights Reserved Security Terms Privacy Security Simply dummy text printing typesetting industry Lorem Ipsum industry standard dummy text ever since 1500s unknown printer took galley type scrambled make type specimen book Lisque persius interesset et quot quidam persequeris vim ad mea essent possim iriure Quidam lisque persius interesset et Lisque persius interesset et quot quidam persequeris vim ad mea essent possim iriure quot quidam persequeris vim ad mea essent possim iriure Quidam lisque persius interesset et Quidam lisque persius interesset et Lisque persius interesset et Interesset et Lisque persius interesset et quot quidam persequeris vim ad mea essent possim iriure Persius interesset et Lisque persius interesset et quot quidam persequeris vim ad mea essent possim iriure Quot quidam persequeris vim Quidam lisque persius interesset et Lisque persius interesset et quot quidam persequeris vim ad mea essent possim iriure Terms Simply dummy text printing typesetting industry Lorem Ipsum industry standard dummy text ever since 1500s unknown printer took galley type scrambled make type specimen book survived five centuries also leap electronic typesetting remaining essentially unchanged Terms Use survived five centuries also leap electronic typesetting remaining essentially unchanged Simply dummy text printing typesetting industry Part Information Kith Friends collects controls Lorem Ipsum industry standard dummy text ever since 1500s unknown printer took galley type scrambled make type specimen book Part II Information Kith Friends processes behalf Lorem Ipsum industry standard dummy text ever since 1500s unknown printer took galley type scrambled make type specimen book Part III General survived five centuries also leap electronic typesetting remaining essentially unchanged Lorem Ipsum industry standard dummy text ever since 1500s unknown printer took galley type scrambled make type specimen book Privacy Policy Simply dummy text printing typesetting industry Lorem Ipsum industry standard dummy text ever since 1500s unknown printer took galley type scrambled make type specimen book Lisque persius interesset et quot quidam persequeris vim ad mea essent possim iriure Quidam lisque persius interesset et Lisque persius interesset et quot quidam persequeris vim ad mea essent possim iriure quot quidam persequeris vim ad mea essent possim iriure Quidam lisque persius interesset et Quidam lisque persius interesset et Lisque persius interesset et Interesset et Lisque persius interesset et quot quidam persequeris vim ad mea essent possim iriure Persius interesset et Lisque persius interesset et quot quidam persequeris vim ad mea essent possim iriure Quot quidam persequeris vim Quidam lisque persius interesset et Lisque persius interesset et quot quidam persequeris vim ad mea essent possim iriure Color Switcher
pos-eth.net,True,['67.229.48.252'],False,[('eth2', 1), ('0', 1), ('pos', 1)],ETH2 0 POS
imagilnaryones.com,True,['188.114.97.6', '188.114.96.6'],False,[('imaginary', 14), ('ones', 13), ('click', 6), ('offset', 5), ('open', 4), ('team', 4), ('love', 3), ('real', 3), ('building', 3), ('dropping', 3), ('soon', 3), ('art', 2), ('unique', 2), ('creativity', 2), ('moon', 2)],Imaginary Ones HAPE GIRLS Click MuteClick open MenuEXPLOREWhat isImaginary Ones Imaginary Ones delightful 3D animated art initial drop 8888 unique NFTs Ethereum network project believes using art spread love positivity creativity going tomake moon love enjoy learnit IONSGood VibesWhy BeImaginary young dreamt superheroes Anything everything seemed possible However time went reality life robbed us childhood ambitions Imaginary Ones wish ignite spark Embrace creativity work dreams Muster courage rewrite story Enter Imaginary World ideas crazy dreams foolish Let imagine Together ImaginationsPartnershipsCommunityMetaverseIn Real LifeImaginationsPartnershipsCommunityMetaverseIn Real LifeImaginationsPartnershipsCommunityMetaverseIn Real LifeArrow LeftArrow RightItem 1 5Community building priority vital continuously engage grow protect fellow Ions long term brand building Full time moderation team Seeking great community needs excellent moderation team mod team filled people great personalities effective communicators creative thinkers Engaging spaces Executing Imaginary Ones fellow ions like second family ionsfollowions ionssupportions forever aim foster closely knitted community rub expertise one another lift greater heights 8888MagicalCharactersCollection Dropping Soon Collection Dropping Soon Imaginary Values Find SparkDo brings joy happy person creative genuine smile contagious Good Vibes OnlyCommunity building priority Send love share ideas make world better place Dream BigMake wildest imaginations come true Aim moon enjoy stars ImaginaryTeamCreatorCmttatClementCo founder Imaginary Ones OFFSET OFFEOBiz StrategistGentle WhaleDavidCo founder Imaginary Ones OFFSET OFFEOArtist PartnershipsNine Foot TableGregoryManaging Partner Imaginary Ones OFFSET OFFEOPM CommunityKbbyCalebOperations Director Imaginary Ones OFFSET OFFEOTech ContractsMighty MouseyJeromeChief Tech Officer Imaginary Ones OFFSET OFFEOFAQWhen mint date Click close sectionThe mint date late April exact dates announced shortly Make sure follow Twitter page latest updates big collection Click open sectionWho team behind imaginary ones Click open sectionWhat makes imaginary ones unique Click open sectionJoin theCommunityWe reply emails good vibes appreciated email us email protected OpenseaDiscordTwitterInstagramCollection Dropping Soon Click go back top 2022 Rights Reserved Imaginary Ones Pte Ltd
ethminingseven.com,True,['35.71.155.30', '52.223.9.212'],False,[('sorry', 1), ('mining', 1), ('h5', 1), ('work', 1), ('properly', 1), ('without', 1), ('javascript', 1), ('enabled', 1), ('please', 1), ('enable', 1), ('continue', 1)],sorry mining h5 work properly without JavaScript enabled Please enable continue
ethminingnine.com,True,['35.71.155.30', '52.223.9.212'],False,[('sorry', 1), ('mining', 1), ('h5', 1), ('work', 1), ('properly', 1), ('without', 1), ('javascript', 1), ('enabled', 1), ('please', 1), ('enable', 1), ('continue', 1)],sorry mining h5 work properly without JavaScript enabled Please enable continue
ethminingeight.com,True,['52.223.9.212', '35.71.155.30'],False,[('sorry', 1), ('mining', 1), ('h5', 1), ('work', 1), ('properly', 1), ('without', 1), ('javascript', 1), ('enabled', 1), ('please', 1), ('enable', 1), ('continue', 1)],sorry mining h5 work properly without JavaScript enabled Please enable continue
rengagoblins.com,True,['75.2.60.5'],False,[('renga', 2), ('goblins', 2), ('free', 2), ('mint', 2), ('connect', 1), ('wallet', 1), ('terms', 1), ('conditionsprivacy', 1), ('policy', 1), ('2022', 1)],Renga Goblins Free Mint Renga Goblins Free Mint CONNECT WALLET Terms ConditionsPrivacy Policy 2022
wilderworld.bond,True,['157.230.10.75'],False,[('nginx', 6), ('welcome', 2), ('support', 2), ('see', 1), ('page', 1), ('web', 1), ('server', 1), ('successfully', 1), ('installed', 1), ('working', 1), ('configuration', 1), ('required', 1), ('online', 1), ('documentation', 1), ('please', 1)],Welcome nginx Welcome nginx see page nginx web server successfully installed working configuration required online documentation support please refer nginx org Commercial support available nginx com Thank using nginx
azukiofficial.xyz,True,['85.209.158.164'],False,[('sale', 2), ('azuki', 1), ('limited', 1), ('06', 1), ('07', 1), ('2022', 1), ('23', 1), ('24', 1), ('13pre', 1), ('live', 1), ('1', 1), ('total', 1), ('eth', 1), ('mint', 1), ('connect', 1)],Azuki LIMITED SALE 06 07 2022 23 24 13PRE SALE LIVE 1 Total ETH MINT CONNECT 378 1888 minted 33 80 Excluding Gas Fees
boresapesyachtclub.com,True,['172.67.210.138', '104.21.61.131'],False,[('ape', 3), ('animated', 2), ('bayc', 2), ('mayc', 2), ('terms', 2), ('need', 1), ('enable', 1), ('javascript', 1), ('run', 1), ('app', 1), ('buy', 1), ('aperoadmapteamgalleryprovenancemembersanimated', 1), ('apesown', 1), ('eligible', 1), ('turn', 1)],Animated Ape need enable JavaScript run app BUY APEROADMAPTEAMGALLERYPROVENANCEMEMBERSAnimated ApesOwn Bayc Mayc eligible turn Bayc Mayc animated ape Please claim ape Connect WalletClaim 2021 Yuga Labs LLCBAYC Terms ConditionsMAYC Terms Conditions
server-15-collab.land,True,['89.249.49.198'],False,[('collab', 2), ('land', 2), ('welcome', 1), ('verify', 1), ('undefined', 1), ('signup', 1), ('updates', 1), ('catch', 1), ('new', 1), ('feature', 1), ('developments', 1), ('stories', 1), ('communities', 1), ('join', 1), ('us', 1)],Welcome Collab Land COLLAB LAND Verify undefined Signup updates Catch new feature developments stories communities Join us
